,Address,Locality,Region,Postal Code,Price,SQFT House,SQFT Lot,Full Baths,Half Baths,Bedrooms,Garage,Master Bath,Cooling,Heating,Elementary School,Middle School,High School,School District,Annual Tax,House Type,Build Year,Updated,Neighborhood,Association Monthly,Schoool District
0,724 W Chelten Ave,Philadelphia,PA,19126,459000,3290,17689,3,3,5,[],[],['Whole House Fan'],['Hot Water'],[],[],"['High School: CENTRAL ', 'High School: CENTRAL']",School District: THE SCHOOL DISTRICT OF PHILADELPHIA ,4205,Single family,1925,05/15/2020,['Neighborhood: COBBS CREEK<'],['0'],53.0
1,2230 S Carlisle St,Philadelphia,PA,19145,250000,1050,689,1,[''],3,[],[],['Ceiling Fan(s)'],['Hot Water'],[],[],[],School District: THE SCHOOL DISTRICT OF PHILADELPHIA ,1407,Multi family,1920,05/16/2020,['Neighborhood: COBBS CREEK<'],['0'],53.0
2,1247 E Columbia Ave Apt 30,Philadelphia,PA,19125,500000,1092,[],2,1,2,[],11,['Central A/C'],['Forced Air Heating'],[],[],[],School District: THE SCHOOL DISTRICT OF PHILADELPHIA ,897,Condo,2016,05/17/2020,['Neighborhood: COBBS CREEK<'],['312'],53.0
3,500 Admirals Way Apt 112,Philadelphia,PA,19146,383500,902,[],1,[''],1,[],11,['Central A/C'],['Central Heating'],[],[],[],School District: THE SCHOOL DISTRICT OF PHILADELPHIA ,4878,Condo,2006,05/17/2020,['Neighborhood: COBBS CREEK<'],['432'],53.0
4,1021 Hazelwood Dr,Philadelphia,PA,19150,370000,2513,2716,3,1,4,[],11,['Central A/C'],['Forced Air Heating'],"['Elementary School: JENKS ', 'Elementary School: JENKS']",[],"['High School: ROXBOROUGH ', 'High School: ROXBOROUGH']",School District: THE SCHOOL DISTRICT OF PHILADELPHIA ,720,Single family,2016,05/15/2020,['Neighborhood: COBBS CREEK<'],['0'],53.0
5,2415 S 18th St,Philadelphia,PA,19145,380000,1502,1087,2,1,3,[],[],['Central A/C'],['Forced Air Heating'],[],[],[],School District: THE SCHOOL DISTRICT OF PHILADELPHIA ,3025,Multi family,1920,05/16/2020,['Neighborhood: COBBS CREEK<'],['0'],53.0
6,4604 Aubrey Ave,Philadelphia,PA,19114,350000,2413,9262,2,[''],3,[],11,['Ceiling Fan(s)'],['Forced Air Heating'],[],[],[],School District: THE SCHOOL DISTRICT OF PHILADELPHIA ,3946,Single family,1955,05/16/2020,['Neighborhood: COBBS CREEK<'],['0'],53.0
7,11804 Basile Rd,Philadelphia,PA,19154,262000,1380,1995,1,1,3,[],[],['Central A/C'],['Forced Air Heating'],"['Elementary School: A', 'Elementary School: A']","['Middle School: A', 'Middle School: A']","['High School: GEORGE WASHINGTON ', 'High School: GEORGE WASHINGTON']",School District: THE SCHOOL DISTRICT OF PHILADELPHIA ,2889,Multi family,1963,05/16/2020,['Neighborhood: COBBS CREEK<'],['0'],53.0
8,1022 N Leithgow St,Philadelphia,PA,19123,660000,2118,752,2,1,3,[],11,['Central A/C'],['Forced Air Heating'],[],[],[],School District: THE SCHOOL DISTRICT OF PHILADELPHIA ,2153,Single family,2016,05/15/2020,['Neighborhood: COBBS CREEK<'],['0'],53.0
9,5101 Woodbine Ave,Philadelphia,PA,19131,540000,4200,13319,4,2,6,[],11,['Ductless/Mini'],['Hot Water'],[],[],[],School District: THE SCHOOL DISTRICT OF PHILADELPHIA ,4989,Single family,1925,05/15/2020,['Neighborhood: COBBS CREEK<'],['0'],53.0
10,1748 Waterloo St,Philadelphia,PA,19122,488500,1985,608,3,[''],3,[],[],['Central A/C'],['Forced Air Heating'],[],[],[],School District: THE SCHOOL DISTRICT OF PHILADELPHIA ,395,Land,2020,05/15/2020,['Neighborhood: COBBS CREEK<'],['0'],53.0
11,432 Lyceum Ave,Philadelphia,PA,19128,495500,2590,4732,1,1,4,[],[],['Central A/C'],['Radiator'],[],[],[],School District: THE SCHOOL DISTRICT OF PHILADELPHIA ,4191,Single family,1900,05/15/2020,['Neighborhood: COBBS CREEK<'],['0'],53.0
12,3114 Cedar St,Philadelphia,PA,19134,146500,1096,969,1,[''],3,[],[],[],['Baseboard '],[],[],[],School District: THE SCHOOL DISTRICT OF PHILADELPHIA ,1849,Multi family,1920,05/16/2020,['Neighborhood: COBBS CREEK<'],['0'],53.0
13,761 N 27th St,Philadelphia,PA,19130,720000,2200,1440,2,1,4,[],11,['Central A/C'],['Zoned Heating'],"['Elementary School: ROBERT MORRIS SCHOOL ', 'Elementary School: ROBERT MORRIS SCHOOL']","['Middle School: ROBERT MORRIS SCHOOL ', 'Middle School: ROBERT MORRIS SCHOOL']","['High School: ROBERT VAUX ', 'High School: ROBERT VAUX']",School District: THE SCHOOL DISTRICT OF PHILADELPHIA ,5967,Multi family,1920,05/15/2020,['Neighborhood: COBBS CREEK<'],['0'],53.0
14,505 S 27th St,Philadelphia,PA,19146,1300000,2959,1050,2,1,4,[],11,['Central A/C'],['Forced Air Heating'],"['Elementary School: GREENFIELD ALBERT ', 'Elementary School: GREENFIELD ALBERT']","['Middle School: GREENFIELD ALBERT ', 'Middle School: GREENFIELD ALBERT']",[],School District: THE SCHOOL DISTRICT OF PHILADELPHIA ,13621,Multi family,2002,05/16/2020,['Neighborhood: COBBS CREEK<'],['0'],53.0
15,2547 S 75th St,Philadelphia,PA,19153,189900,1046,1143,1,1,3,[],[],['Central A/C'],['Forced Air Heating'],[],[],[],School District: THE SCHOOL DISTRICT OF PHILADELPHIA ,1372,Multi family,1916,05/15/2020,['Neighborhood: COBBS CREEK<'],['0'],53.0
16,1630 Fox Chase Rd,Philadelphia,PA,19152,214900,1080,3103,1,1,3,[],[],['Central A/C'],['Forced Air Heating'],[],[],[],School District: THE SCHOOL DISTRICT OF PHILADELPHIA ,2613,Single family,1956,05/15/2020,['Neighborhood: COBBS CREEK<'],['0'],53.0
17,2045 Manton St,Philadelphia,PA,19146,500000,2500,672,3,[''],4,[],11,['Central A/C'],['Central Heating'],[],[],[],School District: THE SCHOOL DISTRICT OF PHILADELPHIA ,911,Single family,2019,05/16/2020,['Neighborhood: COBBS CREEK<'],['0'],53.0
18,5421 Angora Ter,Philadelphia,PA,19143,334800,2144,1887,[],[],0,[],[],['Central A/C'],['Forced Air Heating'],[],[],[],School District: THE SCHOOL DISTRICT OF PHILADELPHIA ,1067,Multi family,1920,05/15/2020,['Neighborhood: COBBS CREEK<'],[],53.0
19,6125 Walker St,Philadelphia,PA,19135,215000,1200,1349,1,1,3,[],[],['Central A/C'],[],[],[],[],School District: THE SCHOOL DISTRICT OF PHILADELPHIA ,1561,Multi family,1940,05/15/2020,['Neighborhood: COBBS CREEK<'],['0'],53.0
20,1324 S Bouvier St,Philadelphia,PA,19146,405000,1268,700,3,[''],3,[],[],['Central A/C'],['Central Heating'],[],[],[],School District: THE SCHOOL DISTRICT OF PHILADELPHIA ,862,Multi family,2017,05/16/2020,['Neighborhood: COBBS CREEK<'],['0'],53.0
21,1330 S Bancroft St,Philadelphia,PA,19146,365000,1901,[],3,[''],3,[],[],[],[],[],[],[],[],[],Multi family,2015,05/16/2020,['Neighborhood: COBBS CREEK<'],[],
22,2028 Oakmont St,Philadelphia,PA,19152,275000,1296,2957,2,1,3,[],11,[],['Radiant'],[],[],[],School District: THE SCHOOL DISTRICT OF PHILADELPHIA ,2770,Single family,1961,05/15/2020,['Neighborhood: COBBS CREEK<'],['0'],53.0
23,1326 N Mascher St Unit I,Philadelphia,PA,19122,605000,2650,839,3,[''],3,[],11,['Central A/C'],['Forced Air Heating'],[],[],[],School District: THE SCHOOL DISTRICT OF PHILADELPHIA ,2094,[],2017,[],['Neighborhood: COBBS CREEK<'],['122'],53.0
24,12823 Cabell Rd,Philadelphia,PA,19154,233000,1810,1993,1,2,3,[],[],['Central A/C'],['Forced Air Heating'],[],[],[],School District: THE SCHOOL DISTRICT OF PHILADELPHIA ,2993,Multi family,1973,05/16/2020,['Neighborhood: COBBS CREEK<'],['0'],53.0
25,620 S 21st St,Philadelphia,PA,19146,650000,1440,930,2,1,3,[],11,['Central A/C'],['Forced Air Heating'],"['Elementary School: GREENFIELD ', 'Elementary School: GREENFIELD']",[],[],School District: THE SCHOOL DISTRICT OF PHILADELPHIA ,5392,Multi family,1915,05/16/2020,['Neighborhood: COBBS CREEK<'],['0'],53.0
26,1032 Crease St,Philadelphia,PA,19125,320000,927,756,1,1,2,[],[],['Central A/C'],['Hot Water'],"['Elementary School: ALEXANDER ADAIRE ', 'Elementary School: ALEXANDER ADAIRE']","['Middle School: ALEXANDER ADAIRE ELEMENTARY SCHOOL ', 'Middle School: ALEXANDER ADAIRE ELEMENTARY SCHOOL']","['High School: KENSINGTON ', 'High School: KENSINGTON']",School District: THE SCHOOL DISTRICT OF PHILADELPHIA ,4346,Multi family,1920,05/15/2020,['Neighborhood: COBBS CREEK<'],['0'],53.0
27,3642 Canby Dr,Philadelphia,PA,19154,259900,1332,1708,1,1,3,[],[],['Central A/C'],['Forced Air Heating'],[],[],[],School District: THE SCHOOL DISTRICT OF PHILADELPHIA ,2798,Multi family,1955,05/16/2020,['Neighborhood: COBBS CREEK<'],['0'],53.0
28,2419 E Boston St,Philadelphia,PA,19125,350000,990,1050,1,1,2,[],[],['Central A/C'],['Forced Air Heating'],[],[],[],School District: THE SCHOOL DISTRICT OF PHILADELPHIA ,2237,Multi family,1925,05/16/2020,['Neighborhood: COBBS CREEK<'],['0'],53.0
29,2233 Fontain St,Philadelphia,PA,19121,227273,1352,1020,4,[''],5,[],[],['Central A/C'],['Forced Air Heating'],[],[],[],School District: THE SCHOOL DISTRICT OF PHILADELPHIA ,441,Multi family,1925,05/16/2020,['Neighborhood: COBBS CREEK<'],['0'],53.0
30,12251 Medford Rd,Philadelphia,PA,19154,279900,1740,4723,1,1,3,[],[],['Central A/C'],['Forced Air Heating'],[],[],[],School District: THE SCHOOL DISTRICT OF PHILADELPHIA ,3165,Single family,1974,05/16/2020,['Neighborhood: COBBS CREEK<'],['0'],53.0
31,3344 Rand St,Philadelphia,PA,19134,66500,868,601,1,[''],3,[],[],[],['Baseboard '],[],[],"['High School: EDISON ', 'High School: EDISON']",School District: THE SCHOOL DISTRICT OF PHILADELPHIA ,580,Multi family,1920,05/16/2020,['Neighborhood: COBBS CREEK<'],['0'],53.0
32,2343 E Clearfield St,Philadelphia,PA,19134,234000,1506,1120,2,1,3,[],[],['Central A/C'],['Forced Air Heating'],[],[],[],School District: THE SCHOOL DISTRICT OF PHILADELPHIA ,1214,Multi family,1920,05/16/2020,['Neighborhood: COBBS CREEK<'],['0'],53.0
33,749 N Ringgold St,Philadelphia,PA,19130,680000,1632,888,2,1,3,[],11,['Central A/C'],['Forced Air Heating'],[],[],[],School District: THE SCHOOL DISTRICT OF PHILADELPHIA ,6915,Multi family,1980,05/15/2020,['Neighborhood: COBBS CREEK<'],['0'],53.0
34,4560 Unruh Ave,Philadelphia,PA,19135,160000,1170,1199,1,[''],3,[],[],[],['Radiator'],[],[],[],School District: THE SCHOOL DISTRICT OF PHILADELPHIA ,1453,Multi family,1935,05/15/2020,['Neighborhood: COBBS CREEK<'],['0'],53.0
35,144 N Wilton St,Philadelphia,PA,19139,138000,1114,937,1,1,3,[],[],['Central A/C'],['Forced Air Heating'],[],[],[],School District: THE SCHOOL DISTRICT OF PHILADELPHIA ,679,Multi family,1925,05/15/2020,['Neighborhood: COBBS CREEK<'],['0'],53.0
36,1634 Reed St,Philadelphia,PA,19146,321000,1232,927,1,1,2,[],[],['Central A/C'],['Forced Air Heating'],[],[],[],School District: THE SCHOOL DISTRICT OF PHILADELPHIA ,4383,Multi family,1925,05/16/2020,['Neighborhood: COBBS CREEK<'],['0'],53.0
37,1509 Dickinson St,Philadelphia,PA,19146,505000,2094,1101,2,1,4,[],11,['Central A/C'],['Central Heating'],"['Elementary School: GEORGE W CHILDS SCHOOL ', 'Elementary School: GEORGE W CHILDS SCHOOL']","['Middle School: GEORGE W CHILDS SCHOOL ', 'Middle School: GEORGE W CHILDS SCHOOL']","['High School: SOUTH PHILADELPHIA ', 'High School: SOUTH PHILADELPHIA']",School District: THE SCHOOL DISTRICT OF PHILADELPHIA ,2665,Multi family,1915,05/16/2020,['Neighborhood: COBBS CREEK<'],['0'],53.0
38,746 N 64th St,Philadelphia,PA,19151,150000,1480,1576,1,1,3,[],[],['Central A/C'],[],[],[],"['High School: OVERBROOK ', 'High School: OVERBROOK']",School District: THE SCHOOL DISTRICT OF PHILADELPHIA ,1765,Multi family,1925,05/16/2020,['Neighborhood: COBBS CREEK<'],['0'],53.0
39,9769 Clark St,Philadelphia,PA,19115,283750,1201,3237,2,1,3,[],[],['Central A/C'],['Forced Air Heating'],[],[],[],School District: THE SCHOOL DISTRICT OF PHILADELPHIA ,2973,Single family,1964,05/16/2020,['Neighborhood: COBBS CREEK<'],['0'],53.0
40,2808 Sebring Rd,Philadelphia,PA,19152,235000,1164,2869,1,[''],3,[],[],['Central A/C'],['Forced Air Heating'],[],[],[],School District: THE SCHOOL DISTRICT OF PHILADELPHIA ,2706,Single family,1956,05/15/2020,['Neighborhood: COBBS CREEK<'],['0'],53.0
41,1542 S 12th St,Philadelphia,PA,19147,365000,1376,960,1,[''],3,[],[],['Wall Unit Cooling'],['Baseboard '],"['Elementary School: JACKSON ANDREW ', 'Elementary School: JACKSON ANDREW']","['Middle School: JACKSON ANDREW ', 'Middle School: JACKSON ANDREW']",[],School District: THE SCHOOL DISTRICT OF PHILADELPHIA ,1684,Multi family,1925,05/15/2020,['Neighborhood: COBBS CREEK<'],['0'],53.0
42,6230 Mulberry St,Philadelphia,PA,19135,225000,1528,6143,[],[],0,[],[],['Central A/C'],['Forced Air Heating'],"['Elementary School: ETHAN ALLEN ', 'Elementary School: ETHAN ALLEN']",[],"['High School: ABRAHAM LINCOLN ', 'High School: ABRAHAM LINCOLN']",School District: THE SCHOOL DISTRICT OF PHILADELPHIA ,2289,Multi family,1950,05/15/2020,['Neighborhood: COBBS CREEK<'],[],53.0
43,2053 Christian St Unit B,Philadelphia,PA,19146,263000,792,[],1,[''],1,[],[],[],[],[],[],[],[],[],Condo,1900,05/17/2020,['Neighborhood: COBBS CREEK<'],[],
44,2360 E Harold St,Philadelphia,PA,19125,245000,833,643,1,1,2,[],[],['Central A/C'],['Forced Air Heating'],"['Elementary School: HACKETT SCHOOL ', 'Elementary School: HACKETT SCHOOL']",[],"['High School: PENN TREATY ', 'High School: PENN TREATY']",School District: THE SCHOOL DISTRICT OF PHILADELPHIA ,1845,Multi family,1875,05/16/2020,['Neighborhood: COBBS CREEK<'],['0'],53.0
45,306 Fulton St,Philadelphia,PA,19147,767500,2200,[],2,2,3,[],[],[],[],[],[],[],[],[],Multi family,1979,05/15/2020,['Neighborhood: COBBS CREEK<'],[],
46,1945 S 4th St,Philadelphia,PA,19148,165000,1202,735,1,[''],3,[],[],['Wall Unit Cooling'],['Hot Water'],[],[],[],School District: THE SCHOOL DISTRICT OF PHILADELPHIA ,1585,Multi family,1920,05/17/2020,['Neighborhood: COBBS CREEK<'],['0'],53.0
47,5102 Marlow St,Philadelphia,PA,19124,60000,960,809,1,[''],3,[],[],['Ceiling Fan(s)'],['Radiator'],[],[],[],School District: THE SCHOOL DISTRICT OF PHILADELPHIA ,850,Multi family,1925,05/16/2020,['Neighborhood: COBBS CREEK<'],['0'],53.0
48,621 W Hortter St,Philadelphia,PA,19119,896500,4540,16757,3,1,5,[],11,['Central A/C'],['Forced Air Heating'],[],[],[],School District: THE SCHOOL DISTRICT OF PHILADELPHIA ,7377,Single family,1925,05/16/2020,['Neighborhood: COBBS CREEK<'],['0'],53.0
49,4225 Regent Sq,Philadelphia,PA,19104,527200,1710,1395,2,[''],5,[],[],['Central A/C'],['Forced Air Heating'],"['Elementary School: PENN ALEXANDER SCHOOL ', 'Elementary School: PENN ALEXANDER SCHOOL']","['Middle School: PENN ALEXANDER SCHOOL ', 'Middle School: PENN ALEXANDER SCHOOL']",[],School District: THE SCHOOL DISTRICT OF PHILADELPHIA ,4855,Multi family,1915,05/16/2020,['Neighborhood: COBBS CREEK<'],['0'],53.0
50,302 W Hortter St,Philadelphia,PA,19119,425000,2262,4774,3,1,4,[],[],['Central A/C'],['Forced Air Heating'],[],[],[],School District: THE SCHOOL DISTRICT OF PHILADELPHIA ,4772,Single family,1925,05/16/2020,['Neighborhood: COBBS CREEK<'],['0'],53.0
51,5423 Irving St,Philadelphia,PA,19139,248000,2280,1199,1,1,3,[],[],['Central A/C'],['Central Heating'],[],[],[],School District: THE SCHOOL DISTRICT OF PHILADELPHIA ,687,Multi family,1925,05/16/2020,['Neighborhood: COBBS CREEK<'],['0'],53.0
52,1013 Jackson St,Philadelphia,PA,19148,410000,2218,965,3,1,4,[],11,['Central A/C'],['Forced Air Heating'],"['Elementary School: ABRAM JENKS ', 'Elementary School: ABRAM JENKS']","['Middle School: FRANCIS SCOTT KEY SCHOOL ', 'Middle School: FRANCIS SCOTT KEY SCHOOL']","['High School: SOUTH PHILADELPHIA ', 'High School: SOUTH PHILADELPHIA']",School District: THE SCHOOL DISTRICT OF PHILADELPHIA ,4316,Multi family,1925,05/17/2020,['Neighborhood: COBBS CREEK<'],['0'],53.0
53,6263 Algard St,Philadelphia,PA,19135,175000,1136,[],1,[''],3,[],[],[],[],[],[],[],[],[],Multi family,1945,05/15/2020,['Neighborhood: COBBS CREEK<'],[],
54,1337 E Palmer St,Philadelphia,PA,19125,405000,1200,[],1,1,3,[],[],[],[],[],[],[],[],[],Multi family,1920,05/15/2020,['Neighborhood: COBBS CREEK<'],[],
55,437 W Coulter St,Philadelphia,PA,19144,152000,736,960,1,1,3,[],[],[],['Hot Water'],[],[],[],School District: THE SCHOOL DISTRICT OF PHILADELPHIA ,962,Multi family,1900,05/15/2020,['Neighborhood: COBBS CREEK<'],['0'],53.0
56,214 N Horton St,Philadelphia,PA,19139,153700,1044,707,1,1,3,[],[],['Central A/C'],['Forced Air Heating'],[],[],[],School District: THE SCHOOL DISTRICT OF PHILADELPHIA ,864,Multi family,1925,05/16/2020,['Neighborhood: COBBS CREEK<'],['0'],53.0
57,1345 N Howard St,Philadelphia,PA,19122,625000,1860,2000,2,[''],3,[],[],['Wall Unit Cooling'],['Radiator'],[],[],[],School District: THE SCHOOL DISTRICT OF PHILADELPHIA ,3400,Multi family,1915,05/15/2020,['Neighborhood: COBBS CREEK<'],['0'],53.0
58,733 Ellsworth St,Philadelphia,PA,19147,455000,1440,[],2,[''],3,[],[],[],[],[],[],[],[],[],Multi family,1920,05/15/2020,['Neighborhood: COBBS CREEK<'],[],
59,4937 Hazel Ave,Philadelphia,PA,19143,515000,3280,2255,[],[],0,[],[],['Ductless/Mini'],['Hot Water '],[],[],[],School District: THE SCHOOL DISTRICT OF PHILADELPHIA ,3999,Multi family,1925,05/15/2020,['Neighborhood: COBBS CREEK<'],[],53.0
60,2886 Angus Rd,Philadelphia,PA,19114,227000,1296,1623,2,[''],4,[],[],['Central A/C'],['Forced Air Heating'],"['Elementary School: ROBERT B', 'Elementary School: ROBERT B']","['Middle School: ROBERT B', 'Middle School: ROBERT B']","['High School: ABRAHAM LINCOLN ', 'High School: ABRAHAM LINCOLN']",School District: THE SCHOOL DISTRICT OF PHILADELPHIA ,2359,Multi family,1960,05/15/2020,['Neighborhood: COBBS CREEK<'],['0'],53.0
61,6644 Erdrick St,Philadelphia,PA,19135,170000,1088,1240,1,[''],3,[],[],['Wall Unit Cooling'],['Forced Air Heating'],[],[],[],School District: THE SCHOOL DISTRICT OF PHILADELPHIA ,1646,Multi family,1950,05/15/2020,['Neighborhood: COBBS CREEK<'],['0'],53.0
62,6728 N Woodstock St,Philadelphia,PA,19138,130000,1136,1087,1,[''],3,[],[],[],['Baseboard '],[],[],[],School District: THE SCHOOL DISTRICT OF PHILADELPHIA ,1501,Multi family,1925,05/15/2020,['Neighborhood: COBBS CREEK<'],['0'],53.0
63,2125 N 20th St,Philadelphia,PA,19121,291800,2120,1727,[],[],0,[],[],['Central A/C'],[],[],[],[],School District: THE SCHOOL DISTRICT OF PHILADELPHIA ,[],Multi family,1915,05/16/2020,['Neighborhood: COBBS CREEK<'],[],53.0
64,1231 S 61st St,Philadelphia,PA,19143,149900,1208,1303,1,1,3,[],[],['Wall Unit Cooling'],['Forced Air Heating'],[],[],[],School District: THE SCHOOL DISTRICT OF PHILADELPHIA ,1103,Multi family,1916,05/15/2020,['Neighborhood: COBBS CREEK<'],['0'],53.0
65,128 W Pomona St,Philadelphia,PA,19144,180000,1173,1169,1,[''],3,[],[],[],['Hot Water'],[],[],[],School District: THE SCHOOL DISTRICT OF PHILADELPHIA ,1548,Multi family,1900,05/16/2020,['Neighborhood: COBBS CREEK<'],['0'],53.0
66,2001 Hamilton St Apt 318,Philadelphia,PA,19130,205000,674,[],1,[''],1,[],[],['Central A/C'],['Forced Air Heating'],[],[],[],School District: THE SCHOOL DISTRICT OF PHILADELPHIA ,2968,Condo,1970,05/17/2020,['Neighborhood: COBBS CREEK<'],['481'],53.0
67,831 McClellan St,Philadelphia,PA,19148,200000,756,[],1,1,3,[],[],[],[],[],[],[],[],[],Multi family,1920,05/15/2020,['Neighborhood: COBBS CREEK<'],[],
68,3934 Wyalusing Ave,Philadelphia,PA,19104,45000,986,693,1,[''],3,[],[],[],[],[],[],[],School District: THE SCHOOL DISTRICT OF PHILADELPHIA ,575,Multi family,1930,05/16/2020,['Neighborhood: COBBS CREEK<'],['0'],53.0
69,625 Hoffman St,Philadelphia,PA,19148,75000,[],672,[],[],[],[],[],[],[],[],[],[],School District: THE SCHOOL DISTRICT OF PHILADELPHIA ,360,Land,[],05/17/2020,['Neighborhood: COBBS CREEK<'],['0'],53.0
70,2634 N 5th St,Philadelphia,PA,19133,100000,725,1247,[],[],0,[],[],[],['Forced Air Heating'],[],[],[],School District: THE SCHOOL DISTRICT OF PHILADELPHIA ,396,Multi family,1920,05/15/2020,['Neighborhood: COBBS CREEK<'],['0'],53.0
71,642 N 17th St,Philadelphia,PA,19130,1010000,3315,1430,3,1,3,[],11,['Ceiling Fan(s)'],['Central Heating'],[],[],[],School District: THE SCHOOL DISTRICT OF PHILADELPHIA ,10529,Single family,2007,05/15/2020,['Neighborhood: COBBS CREEK<'],['0'],53.0
72,1310 N Hope St Apt 5,Philadelphia,PA,19122,563000,2011,647,3,1,3,[],11,['Central A/C'],['Forced Air Heating'],[],[],[],School District: THE SCHOOL DISTRICT OF PHILADELPHIA ,1877,[],2014,[],['Neighborhood: COBBS CREEK<'],['62'],53.0
73,4020 Spring Garden St,Philadelphia,PA,19104,525000,2622,1498,[],[],0,[],[],['Central A/C'],['Radiant'],[],[],[],School District: THE SCHOOL DISTRICT OF PHILADELPHIA ,3375,Multi family,1915,05/15/2020,['Neighborhood: COBBS CREEK<'],[],53.0
74,6910 Oakley St,Philadelphia,PA,19111,246500,1552,[],2,1,3,[],[],[],[],[],[],[],[],[],Single family,1927,05/16/2020,['Neighborhood: COBBS CREEK<'],[],
75,2846 Willits Rd,Philadelphia,PA,19136,219000,1404,2517,1,2,3,[],[],['Central A/C'],['Central Heating'],[],[],[],School District: THE SCHOOL DISTRICT OF PHILADELPHIA ,2480,Multi family,1962,05/15/2020,['Neighborhood: COBBS CREEK<'],['0'],53.0
76,5449 Quentin St,Philadelphia,PA,19128,302000,1132,[],1,1,3,[],[],[],[],[],[],[],[],[],Multi family,1955,05/15/2020,['Neighborhood: COBBS CREEK<'],[],
77,512 Catharine St,Philadelphia,PA,19147,715000,2040,849,2,1,3,[],11,['Central A/C'],['Central Heating'],[],[],[],School District: THE SCHOOL DISTRICT OF PHILADELPHIA ,9524,Multi family,1915,05/15/2020,['Neighborhood: COBBS CREEK<'],['0'],53.0
78,3570 Cresson St,Philadelphia,PA,19129,190000,896,1180,1,[''],2,[],[],['Central A/C'],['Forced Air Heating'],[],[],[],School District: THE SCHOOL DISTRICT OF PHILADELPHIA ,2424,Multi family,1939,05/17/2020,['Neighborhood: COBBS CREEK<'],['0'],53.0
79,493 Shurs Ln,Philadelphia,PA,19128,270000,1660,1884,1,1,3,[],[],['Central A/C'],['Hot Water'],[],[],[],School District: THE SCHOOL DISTRICT OF PHILADELPHIA ,3052,Single family,1930,05/15/2020,['Neighborhood: COBBS CREEK<'],['0'],53.0
80,1756 N Lambert St,Philadelphia,PA,19121,375000,[],839,3,1,4,[],[],['Central A/C'],['Forced Air Heating'],[],[],[],School District: THE SCHOOL DISTRICT OF PHILADELPHIA ,1482,Land,2019,05/15/2020,['Neighborhood: COBBS CREEK<'],['0'],53.0
81,7333 Revere St,Philadelphia,PA,19152,267000,1320,2686,1,1,3,[],[],['Central A/C'],['Central Heating'],[],[],[],School District: THE SCHOOL DISTRICT OF PHILADELPHIA ,3372,Single family,1960,05/16/2020,['Neighborhood: COBBS CREEK<'],['0'],53.0
82,1762 N Howard St,Philadelphia,PA,19122,[],[],[],2,1,3,[],[],['Central A/C'],['Forced Air Heating'],[],[],[],School District: THE SCHOOL DISTRICT OF PHILADELPHIA ,[],[],2019,[],['Neighborhood: COBBS CREEK<'],['90'],53.0
83,1625 S Clarion St,Philadelphia,PA,19148,330000,784,672,1,1,2,[],[],['Wall Unit Cooling'],['Radiant'],[],[],[],School District: THE SCHOOL DISTRICT OF PHILADELPHIA ,1037,Multi family,1920,05/17/2020,['Neighborhood: COBBS CREEK<'],['0'],53.0
84,1758 N Howard St Unit 7,Philadelphia,PA,19122,[],[],[],2,1,3,[],[],['Central A/C'],['Forced Air Heating'],[],[],[],School District: THE SCHOOL DISTRICT OF PHILADELPHIA ,[],[],2019,[],['Neighborhood: COBBS CREEK<'],['90'],53.0
85,2001 Hamilton St Apt 718,Philadelphia,PA,19130,210000,674,[],1,[''],1,[],[],[],[],[],[],[],[],[],Condo,1970,05/17/2020,['Neighborhood: COBBS CREEK<'],[],
86,7215 Shalkop St,Philadelphia,PA,19128,301000,1532,4199,1,1,3,[],[],['Central A/C'],['Forced Air Heating'],[],[],[],School District: THE SCHOOL DISTRICT OF PHILADELPHIA ,3889,Single family,1965,05/15/2020,['Neighborhood: COBBS CREEK<'],['0'],53.0
87,122224 S Broad St Unit D,Philadelphia,PA,19146,292000,1173,[],1,[''],1,[],[],['Central A/C'],['Forced Air Heating'],[],[],[],School District: THE SCHOOL DISTRICT OF PHILADELPHIA ,3931,[],1900,[],['Neighborhood: COBBS CREEK<'],['357'],53.0
88,6349 McCallum St,Philadelphia,PA,19144,350000,1536,3300,1,1,3,[],[],['Wall Unit Cooling'],['Hot Water'],[],[],[],School District: THE SCHOOL DISTRICT OF PHILADELPHIA ,1781,Single family,1925,05/16/2020,['Neighborhood: COBBS CREEK<'],['0'],53.0
89,815 E Ontario St,Philadelphia,PA,19134,72000,1410,1124,1,[''],3,[],[],['Window Unit(s)'],['Hot Water'],[],[],[],School District: THE SCHOOL DISTRICT OF PHILADELPHIA ,799,Multi family,1920,05/16/2020,['Neighborhood: COBBS CREEK<'],['0'],53.0
90,8055 Moro St,Philadelphia,PA,19136,155000,2366,[],2,[''],3,[],[],[],[],[],[],[],[],[],Single family,1960,05/16/2020,['Neighborhood: COBBS CREEK<'],[],
91,344 E Albanus St,Philadelphia,PA,19120,160000,1460,1124,[],[],0,[],[],['Window Unit(s)'],['Radiator'],[],[],[],School District: THE SCHOOL DISTRICT OF PHILADELPHIA ,1436,Multi family,1940,05/15/2020,['Neighborhood: COBBS CREEK<'],[],53.0
92,517 Montrose St,Philadelphia,PA,19147,490000,2032,[],3,[''],3,[],[],[],[],[],[],[],[],[],Multi family,2011,05/15/2020,['Neighborhood: COBBS CREEK<'],[],
93,3424 Tampa St,Philadelphia,PA,19134,32000,728,601,1,[''],3,[],[],[],['Hot Water'],[],[],[],School District: THE SCHOOL DISTRICT OF PHILADELPHIA ,559,Multi family,1920,05/16/2020,['Neighborhood: COBBS CREEK<'],['0'],53.0
94,2252 N Hancock St,Philadelphia,PA,19133,399125,[],839,3,1,3,[],[],['Central A/C'],['Forced Air Heating'],[],[],[],School District: THE SCHOOL DISTRICT OF PHILADELPHIA ,148,Land,2020,05/15/2020,['Neighborhood: COBBS CREEK<'],['0'],53.0
95,2227 N Hope St,Philadelphia,PA,19133,429900,[],[],2,[''],3,[],11,[],[],[],[],[],[],[],[],2020,[],['Neighborhood: COBBS CREEK<'],[],
96,502 McKean St,Philadelphia,PA,19148,421500,[],1055,3,[''],3,[],[],['Central A/C'],['Forced Air Heating'],[],[],[],School District: THE SCHOOL DISTRICT OF PHILADELPHIA ,774,Land,2020,05/17/2020,['Neighborhood: COBBS CREEK<'],['0'],53.0
97,2340 W Huntingdon St,Philadelphia,PA,19132,60000,1204,937,1,[''],3,[],[],[],['Radiator'],[],[],[],School District: THE SCHOOL DISTRICT OF PHILADELPHIA ,647,Multi family,1915,05/15/2020,['Neighborhood: COBBS CREEK<'],['0'],53.0
98,821 Marlyn Rd,Philadelphia,PA,19151,237000,1563,1599,2,1,3,[],[],['Ceiling Fan(s)'],['Forced Air Heating'],[],[],[],School District: THE SCHOOL DISTRICT OF PHILADELPHIA ,1961,Multi family,1925,05/16/2020,['Neighborhood: COBBS CREEK<'],['0'],53.0
99,1924 Watkins St,Philadelphia,PA,19145,395000,[],[],3,[''],3,[],[],[],[],[],[],[],[],[],Multi family,1925,05/16/2020,['Neighborhood: COBBS CREEK<'],[],
100,9134 Old Newtown Rd,Philadelphia,PA,19115,433500,3395,5545,2,2,4,[],11,['Central A/C'],['Forced Air Heating'],[],[],[],School District: THE SCHOOL DISTRICT OF PHILADELPHIA ,[],[],2019,[],['Neighborhood: COBBS CREEK<'],['0'],53.0
101,2508 Grays Ferry Ave Unit 3,Philadelphia,PA,19146,[],[],[],3,[''],3,[],[],['Central A/C'],['Forced Air Heating'],[],[],[],School District: THE SCHOOL DISTRICT OF PHILADELPHIA ,1,[],2020,[],['Neighborhood: COBBS CREEK<'],['100'],53.0
102,418 Kingsley St,Philadelphia,PA,19128,475000,2280,2209,2,2,3,[],11,['Central A/C'],['Forced Air Heating'],[],[],[],School District: THE SCHOOL DISTRICT OF PHILADELPHIA ,[],Multi family,2019,05/15/2020,['Neighborhood: COBBS CREEK<'],['0'],53.0
103,3209 Salerno Way,Philadelphia,PA,19145,540000,2896,2040,2,1,4,[],[],['Central A/C'],['Forced Air Heating'],[],[],[],School District: THE SCHOOL DISTRICT OF PHILADELPHIA ,1998,Multi family,2014,05/16/2020,['Neighborhood: COBBS CREEK<'],['140'],53.0
104,2315 Aspen St,Philadelphia,PA,19130,655000,1950,911,2,[''],3,[],11,['Central A/C'],['Forced Air Heating'],"['Elementary School: BACHE', 'Elementary School: BACHE']",[],[],School District: THE SCHOOL DISTRICT OF PHILADELPHIA ,7844,Multi family,1876,05/15/2020,['Neighborhood: COBBS CREEK<'],['0'],53.0
105,544 W Clapier St,Philadelphia,PA,19144,230000,1562,2565,2,1,3,[],11,['Central A/C'],['Forced Air Heating'],[],[],[],School District: THE SCHOOL DISTRICT OF PHILADELPHIA ,2230,Multi family,1950,05/15/2020,['Neighborhood: COBBS CREEK<'],['0'],53.0
106,1235 E Colona St,Philadelphia,PA,19125,500000,2133,923,2,1,4,[],[],['Central A/C'],['Forced Air Heating'],[],[],[],School District: THE SCHOOL DISTRICT OF PHILADELPHIA ,2048,Multi family,2013,05/15/2020,['Neighborhood: COBBS CREEK<'],['0'],53.0
107,2052 Fernon St,Philadelphia,PA,19145,325000,1634,657,2,1,2,[],[],['Central A/C'],['Forced Air Heating'],[],[],[],School District: THE SCHOOL DISTRICT OF PHILADELPHIA ,929,Multi family,1923,05/16/2020,['Neighborhood: COBBS CREEK<'],['0'],53.0
108,210 Dupont St,Philadelphia,PA,19127,259400,1226,1581,2,[''],2,[],[],['Window Unit(s)'],['Hot Water'],[],[],[],School District: THE SCHOOL DISTRICT OF PHILADELPHIA ,2681,Multi family,1900,05/15/2020,['Neighborhood: COBBS CREEK<'],['0'],53.0
109,3331 Midvale Ave,Philadelphia,PA,19129,372000,1472,3761,3,[''],3,[],11,['Central A/C'],['Hot Water'],[],[],[],School District: THE SCHOOL DISTRICT OF PHILADELPHIA ,3802,Multi family,1945,05/17/2020,['Neighborhood: COBBS CREEK<'],['0'],53.0
110,2483 76th Ave,Philadelphia,PA,19150,229900,2124,1935,2,1,3,[],[],['Central A/C'],['Hot Water'],[],[],[],School District: THE SCHOOL DISTRICT OF PHILADELPHIA ,1989,Multi family,1930,05/15/2020,['Neighborhood: COBBS CREEK<'],['0'],53.0
111,3312 Cottman Ave,Philadelphia,PA,19149,185000,1548,1583,1,1,3,[],[],[],['Hot Water'],[],[],[],School District: THE SCHOOL DISTRICT OF PHILADELPHIA ,2314,Multi family,1945,05/15/2020,['Neighborhood: COBBS CREEK<'],['0'],53.0
112,1210 E Duval St,Philadelphia,PA,19138,290000,1253,9799,1,[''],2,[],[],[],['Forced Air Heating'],[],[],[],School District: THE SCHOOL DISTRICT OF PHILADELPHIA ,2307,Single family,1925,05/16/2020,['Neighborhood: COBBS CREEK<'],['0'],53.0
113,53831/2 Charles St,Philadelphia,PA,19124,129900,1051,1432,1,1,3,[],[],['Window Unit(s)'],['Forced Air Heating'],[],[],[],School District: THE SCHOOL DISTRICT OF PHILADELPHIA ,1403,[],1952,[],['Neighborhood: COBBS CREEK<'],['0'],53.0
114,2637 Lenape Rd,Philadelphia,PA,19131,300999,2056,1609,2,1,3,[],[],['Central A/C'],['Forced Air Heating'],[],[],[],School District: THE SCHOOL DISTRICT OF PHILADELPHIA ,3826,Multi family,1925,05/15/2020,['Neighborhood: COBBS CREEK<'],['0'],53.0
115,1704 Dickinson St,Philadelphia,PA,19146,411000,1700,1008,2,1,3,[],11,['Central A/C'],['Forced Air Heating'],[],[],[],School District: THE SCHOOL DISTRICT OF PHILADELPHIA ,3473,Multi family,1925,05/16/2020,['Neighborhood: COBBS CREEK<'],['0'],53.0
116,2248 Simon St,Philadelphia,PA,19137,90000,821,[],1,[''],2,[],[],[],[],[],[],[],[],[],Multi family,1928,05/15/2020,['Neighborhood: COBBS CREEK<'],[],
117,89 W Sharpnack St,Philadelphia,PA,19119,200000,2688,2422,2,1,5,[],[],['Central A/C'],['Hot Water'],[],[],[],School District: THE SCHOOL DISTRICT OF PHILADELPHIA ,3999,Multi family,1920,05/16/2020,['Neighborhood: COBBS CREEK<'],['0'],53.0
118,119 E Springer St,Philadelphia,PA,19119,149900,938,1275,1,[''],3,[],[],[],['Hot Water'],[],[],[],School District: THE SCHOOL DISTRICT OF PHILADELPHIA ,1299,Single family,1925,05/16/2020,['Neighborhood: COBBS CREEK<'],['0'],53.0
119,2118 Naudain St,Philadelphia,PA,19146,468000,960,480,1,[''],2,[],[],['Central A/C'],['Forced Air Heating'],"['Elementary School: GREENFIELD ALBERT ', 'Elementary School: GREENFIELD ALBERT']",[],[],School District: THE SCHOOL DISTRICT OF PHILADELPHIA ,6345,Multi family,1925,05/16/2020,['Neighborhood: COBBS CREEK<'],['0'],53.0
120,636 McClellan St,Philadelphia,PA,19148,225000,1044,686,1,[''],3,[],[],[],['Hot Water'],[],[],[],School District: THE SCHOOL DISTRICT OF PHILADELPHIA ,1839,Multi family,1920,05/15/2020,['Neighborhood: COBBS CREEK<'],['0'],53.0
121,2402 Federal St,Philadelphia,PA,19146,324000,1221,[],1,1,3,[],[],[],[],[],[],[],[],[],Multi family,1923,05/16/2020,['Neighborhood: COBBS CREEK<'],[],
122,1030 Wolf St,Philadelphia,PA,19148,240000,1480,960,1,1,3,[],[],['Wall Unit Cooling'],['Hot Water'],[],[],[],School District: THE SCHOOL DISTRICT OF PHILADELPHIA ,3210,Multi family,1925,05/17/2020,['Neighborhood: COBBS CREEK<'],['0'],53.0
123,1411 S Hancock St,Philadelphia,PA,19147,655000,3000,897,3,1,3,[],[],['Central A/C'],['Forced Air Heating'],[],[],[],School District: THE SCHOOL DISTRICT OF PHILADELPHIA ,658,Single family,2019,05/15/2020,['Neighborhood: COBBS CREEK<'],['171'],53.0
124,329 Levick St,Philadelphia,PA,19111,286000,2731,9656,[],[],0,[],[],['Window Unit(s)'],['Radiator'],[],[],[],School District: THE SCHOOL DISTRICT OF PHILADELPHIA ,3110,Single family,1925,05/16/2020,['Neighborhood: COBBS CREEK<'],[],53.0
125,3512 Dows Rd,Philadelphia,PA,19154,255000,1449,2725,1,1,3,[],[],['Central A/C'],['Forced Air Heating'],[],[],[],School District: THE SCHOOL DISTRICT OF PHILADELPHIA ,2870,Multi family,1967,05/16/2020,['Neighborhood: COBBS CREEK<'],['0'],53.0
126,2727 Reed St,Philadelphia,PA,19146,147000,1264,1002,1,[''],3,[],[],['Central A/C'],['Forced Air Heating'],[],[],[],School District: THE SCHOOL DISTRICT OF PHILADELPHIA ,1445,Multi family,1923,05/16/2020,['Neighborhood: COBBS CREEK<'],['0'],53.0
127,1134 N Union St,Philadelphia,PA,19104,129999,1050,[],1,[''],3,[],[],[],[],[],[],[],[],[],Multi family,1935,05/16/2020,['Neighborhood: COBBS CREEK<'],[],
128,1311 Medary Ave,Philadelphia,PA,19141,690000,6800,5390,[],[],0,[],[],['Central A/C'],['Forced Air Heating'],[],[],[],School District: THE SCHOOL DISTRICT OF PHILADELPHIA ,6236,[],1925,[],['Neighborhood: COBBS CREEK<'],[],53.0
129,2014 Upland Way,Philadelphia,PA,19131,223000,1773,7800,2,[''],3,[],[],['Central A/C'],[],[],[],[],School District: THE SCHOOL DISTRICT OF PHILADELPHIA ,3544,Single family,1986,05/16/2020,['Neighborhood: COBBS CREEK<'],['0'],53.0
130,4608 Hartel Ave,Philadelphia,PA,19136,131000,1024,1460,1,[''],3,[],[],['Wall Unit Cooling'],[],[],[],[],School District: THE SCHOOL DISTRICT OF PHILADELPHIA ,1601,Multi family,1945,05/16/2020,['Neighborhood: COBBS CREEK<'],['0'],53.0
131,1414 S Bancroft St,Philadelphia,PA,19146,265000,1184,793,1,[''],3,[],[],[],['Forced Air Heating'],[],[],[],School District: THE SCHOOL DISTRICT OF PHILADELPHIA ,2014,Multi family,1925,05/16/2020,['Neighborhood: COBBS CREEK<'],['0'],53.0
132,5524 Cambridge St,Philadelphia,PA,19131,169000,1165,1169,1,1,3,[],[],['Central A/C'],['Central Heating'],[],[],[],School District: THE SCHOOL DISTRICT OF PHILADELPHIA ,678,Multi family,1925,05/15/2020,['Neighborhood: COBBS CREEK<'],['0'],53.0
133,2447 Cedar St,Philadelphia,PA,19125,210000,1120,839,1,[''],2,[],[],['Window Unit(s)'],['Radiator'],[],[],[],School District: THE SCHOOL DISTRICT OF PHILADELPHIA ,2373,Multi family,1925,05/16/2020,['Neighborhood: COBBS CREEK<'],['0'],53.0
134,6110-12 Keystone St,Philadelphia,PA,19135,140000,1350,4999,1,[''],3,[],[],['Central A/C'],['Central Heating'],[],[],[],School District: THE SCHOOL DISTRICT OF PHILADELPHIA ,1412,[],1930,[],['Neighborhood: COBBS CREEK<'],['0'],53.0
135,3850 Woodhaven Rd Unit 702,Philadelphia,PA,19154,167375,1133,[],1,1,2,[],[],['Central A/C'],['Central Heating'],[],[],[],School District: THE SCHOOL DISTRICT OF PHILADELPHIA ,1344,Condo,1980,05/17/2020,['Neighborhood: COBBS CREEK<'],['322'],53.0
136,1132 W Wyoming Ave,Philadelphia,PA,19140,70000,1368,1520,1,[''],3,[],[],['Wall Unit Cooling'],['Radiator'],[],[],[],School District: THE SCHOOL DISTRICT OF PHILADELPHIA ,1200,Multi family,1935,05/15/2020,['Neighborhood: COBBS CREEK<'],['0'],53.0
137,5826 Walker St,Philadelphia,PA,19135,135000,1024,1280,1,[''],3,[],[],[],['Hot Water'],[],[],[],School District: THE SCHOOL DISTRICT OF PHILADELPHIA ,1291,Multi family,1920,05/16/2020,['Neighborhood: COBBS CREEK<'],['0'],53.0
138,6104 Glenmore Ave,Philadelphia,PA,19142,48000,930,719,1,[''],2,[],[],[],[],[],[],[],School District: THE SCHOOL DISTRICT OF PHILADELPHIA ,865,Multi family,1925,05/17/2020,['Neighborhood: COBBS CREEK<'],['0'],53.0
139,1010 Cross St,Philadelphia,PA,19147,650000,2000,737,2,1,3,[],11,['Central A/C'],['Forced Air Heating'],[],[],[],School District: THE SCHOOL DISTRICT OF PHILADELPHIA ,3039,Multi family,1920,05/15/2020,['Neighborhood: COBBS CREEK<'],['0'],53.0
140,2351 Gerritt St,Philadelphia,PA,19146,379999,1800,672,3,[''],3,[],[],['Central A/C'],['Central Heating'],[],[],[],School District: THE SCHOOL DISTRICT OF PHILADELPHIA ,304,Single family,2020,05/16/2020,['Neighborhood: COBBS CREEK<'],['0'],53.0
141,6201 Ellsworth St,Philadelphia,PA,19143,275000,3021,2640,2,1,7,[],[],[],[],[],[],[],School District: THE SCHOOL DISTRICT OF PHILADELPHIA ,1972,Single family,1920,05/15/2020,['Neighborhood: COBBS CREEK<'],['0'],53.0
142,5912 Crystal St,Philadelphia,PA,19120,125000,1008,[],1,[''],3,[],[],['Ceiling Fan(s)'],['Hot Water'],[],[],[],School District: THE SCHOOL DISTRICT OF PHILADELPHIA ,1362,Multi family,1950,05/16/2020,['Neighborhood: COBBS CREEK<'],['0'],53.0
143,806 Dudley St,Philadelphia,PA,19148,425000,2000,686,2,1,3,[],[],['Central A/C'],['Forced Air Heating'],[],[],[],School District: THE SCHOOL DISTRICT OF PHILADELPHIA ,2319,Multi family,1920,05/17/2020,['Neighborhood: COBBS CREEK<'],['0'],53.0
144,3413 Tilden St,Philadelphia,PA,19129,265000,936,981,1,[''],3,[],[],['Ductless/Mini'],['Radiator'],[],[],[],School District: THE SCHOOL DISTRICT OF PHILADELPHIA ,2503,Multi family,1939,05/17/2020,['Neighborhood: COBBS CREEK<'],['0'],53.0
145,8617 Jackson St,Philadelphia,PA,19136,200000,1152,1528,1,1,3,[],[],['Central A/C'],['Forced Air Heating'],[],[],[],School District: THE SCHOOL DISTRICT OF PHILADELPHIA ,2108,Multi family,1962,05/16/2020,['Neighborhood: COBBS CREEK<'],['0'],53.0
146,1208 W Ritner St,Philadelphia,PA,19148,320000,1424,960,1,1,3,[],[],['Central A/C'],['Baseboard '],[],[],[],School District: THE SCHOOL DISTRICT OF PHILADELPHIA ,3460,Multi family,1940,05/17/2020,['Neighborhood: COBBS CREEK<'],['0'],53.0
147,2423 S Juniper St,Philadelphia,PA,19148,182400,940,629,1,[''],2,[],[],['Wall Unit Cooling'],['Forced Air Heating'],[],[],[],School District: THE SCHOOL DISTRICT OF PHILADELPHIA ,2555,Multi family,1925,05/17/2020,['Neighborhood: COBBS CREEK<'],['0'],53.0
148,6834 Guyer Ave,Philadelphia,PA,19142,144000,992,1184,1,[''],3,[],[],['Central A/C'],['Central Heating'],[],[],[],School District: THE SCHOOL DISTRICT OF PHILADELPHIA ,371,Multi family,1925,05/15/2020,['Neighborhood: COBBS CREEK<'],['0'],53.0
149,1342 S Newkirk St,Philadelphia,PA,19146,255000,1400,[],2,[''],3,[],[],[],[],[],[],[],[],[],Single family,2019,05/16/2020,['Neighborhood: COBBS CREEK<'],[],
150,3159 Tulip St,Philadelphia,PA,19134,143000,1080,[],1,[''],3,[],[],[],[],[],[],[],[],[],Multi family,1925,05/16/2020,['Neighborhood: COBBS CREEK<'],[],
151,1248 N Myrtlewood St,Philadelphia,PA,19121,138000,900,795,1,[''],2,[],[],['Central A/C'],['Forced Air Heating'],[],[],[],School District: THE SCHOOL DISTRICT OF PHILADELPHIA ,1166,Multi family,1920,05/16/2020,['Neighborhood: COBBS CREEK<'],['0'],53.0
152,1835 N Willington St,Philadelphia,PA,19121,630000,2124,1036,[],[],0,[],[],['Central A/C'],['Forced Air Heating'],[],[],[],School District: THE SCHOOL DISTRICT OF PHILADELPHIA ,1060,Multi family,2012,05/16/2020,['Neighborhood: COBBS CREEK<'],[],53.0
153,6643 Tackawanna St,Philadelphia,PA,19135,135000,1088,[],1,[''],3,[],[],[],[],[],[],[],[],[],Multi family,1950,05/15/2020,['Neighborhood: COBBS CREEK<'],[],
154,1623 S Conestoga St,Philadelphia,PA,19143,90000,990,[],1,1,3,[],[],['Window Unit(s)'],['Baseboard '],[],[],[],School District: THE SCHOOL DISTRICT OF PHILADELPHIA ,[],Multi family,1925,05/15/2020,['Neighborhood: COBBS CREEK<'],['0'],53.0
155,6044 Regent St,Philadelphia,PA,19142,35000,992,1053,1,[''],3,[],[],[],['Radiator'],[],[],[],School District: THE SCHOOL DISTRICT OF PHILADELPHIA ,367,Multi family,1925,05/17/2020,['Neighborhood: COBBS CREEK<'],['0'],53.0
156,2228 S 19th St,Philadelphia,PA,19145,375000,1364,930,2,1,3,[],11,['Central A/C'],['Forced Air Heating'],[],[],[],School District: THE SCHOOL DISTRICT OF PHILADELPHIA ,2751,Multi family,1920,05/16/2020,['Neighborhood: COBBS CREEK<'],['0'],53.0
157,3719 S Hereford Ln,Philadelphia,PA,19114,275000,1850,2033,2,1,3,[],[],['Central A/C'],['Forced Air Heating'],[],[],[],School District: THE SCHOOL DISTRICT OF PHILADELPHIA ,2819,Multi family,1964,05/16/2020,['Neighborhood: COBBS CREEK<'],['0'],53.0
158,1504 S Colorado St,Philadelphia,PA,19146,462700,[],728,3,[''],4,[],11,['Central A/C'],['Forced Air Heating'],[],[],[],School District: THE SCHOOL DISTRICT OF PHILADELPHIA ,668,Land,[],05/16/2020,['Neighborhood: COBBS CREEK<'],['0'],53.0
159,439 Wolf St,Philadelphia,PA,19148,315000,1000,909,2,1,2,[],[],['Central A/C'],['Forced Air Heating'],[],[],[],School District: THE SCHOOL DISTRICT OF PHILADELPHIA ,2122,Multi family,1915,05/17/2020,['Neighborhood: COBBS CREEK<'],['0'],53.0
160,2327 E Norris St,Philadelphia,PA,19125,355500,2211,832,2,[''],4,[],11,['Central A/C'],['Forced Air Heating'],[],[],[],School District: THE SCHOOL DISTRICT OF PHILADELPHIA ,4947,Multi family,1875,05/16/2020,['Neighborhood: COBBS CREEK<'],['0'],53.0
161,3047 Tremont St,Philadelphia,PA,19136,202000,1138,2037,1,1,3,[],[],['Central A/C'],['Forced Air Heating'],[],[],[],School District: THE SCHOOL DISTRICT OF PHILADELPHIA ,2370,Multi family,1955,05/15/2020,['Neighborhood: COBBS CREEK<'],['0'],53.0
162,1727 Pierce St,Philadelphia,PA,19145,155000,728,665,1,[''],2,[],[],[],['Forced Air Heating'],[],[],[],School District: THE SCHOOL DISTRICT OF PHILADELPHIA ,1687,Multi family,1920,05/16/2020,['Neighborhood: COBBS CREEK<'],['0'],53.0
163,123644 E Oxford St,Philadelphia,PA,19125,800000,675,3344,1,[''],3,[],[],[],[],[],[],[],School District: THE SCHOOL DISTRICT OF PHILADELPHIA ,2732,[],1925,[],['Neighborhood: COBBS CREEK<'],['0'],53.0
164,2043 E Susquehanna Ave,Philadelphia,PA,19125,580000,2225,1331,2,[''],3,[],11,['Central A/C'],['Forced Air Heating'],[],[],[],School District: THE SCHOOL DISTRICT OF PHILADELPHIA ,5433,Multi family,1875,05/16/2020,['Neighborhood: COBBS CREEK<'],['0'],53.0
165,3007-11 Midvale Ave,Philadelphia,PA,19129,539000,2580,13500,2,1,6,[],[],['Central A/C'],['Steam'],[],[],[],School District: THE SCHOOL DISTRICT OF PHILADELPHIA ,6699,Single family,1920,05/17/2020,['Neighborhood: COBBS CREEK<'],['0'],53.0
166,618 Sears St,Philadelphia,PA,19147,365000,1100,728,1,1,2,[],[],['Central A/C'],['Forced Air Heating'],[],[],[],School District: THE SCHOOL DISTRICT OF PHILADELPHIA ,3470,Multi family,1915,05/15/2020,['Neighborhood: COBBS CREEK<'],['0'],53.0
167,1541 Elbridge St,Philadelphia,PA,19149,215000,1296,[],2,1,3,[],[],[],[],[],[],[],[],[],Multi family,1950,05/15/2020,['Neighborhood: COBBS CREEK<'],[],
168,1521 S Camac St,Philadelphia,PA,19147,400000,928,559,2,[''],3,[],[],['Central A/C'],['Central Heating'],"['Elementary School: ANDREW JACKSON ', 'Elementary School: ANDREW JACKSON']",[],[],School District: THE SCHOOL DISTRICT OF PHILADELPHIA ,3386,Multi family,1920,05/15/2020,['Neighborhood: COBBS CREEK<'],['0'],53.0
169,6243 Algard St,Philadelphia,PA,19135,170000,1136,1446,1,[''],3,[],[],['Central A/C'],['Forced Air Heating'],[],[],[],School District: THE SCHOOL DISTRICT OF PHILADELPHIA ,1561,Multi family,1945,05/15/2020,['Neighborhood: COBBS CREEK<'],['0'],53.0
170,575 Martin St,Philadelphia,PA,19128,272000,1497,1924,2,[''],3,[],[],[],['Hot Water'],[],[],[],School District: THE SCHOOL DISTRICT OF PHILADELPHIA ,3185,Single family,1950,05/15/2020,['Neighborhood: COBBS CREEK<'],['0'],53.0
171,518 Randolph Ct Unit G,Philadelphia,PA,19147,552000,1536,707,2,1,3,[],[],['Central A/C'],['Forced Air Heating'],[],[],[],School District: THE SCHOOL DISTRICT OF PHILADELPHIA ,7951,[],1975,[],['Neighborhood: COBBS CREEK<'],['4'],53.0
172,1326 N Mascher St Unit O,Philadelphia,PA,19122,609900,2400,839,3,[''],3,[],11,['Central A/C'],[],[],[],[],School District: THE SCHOOL DISTRICT OF PHILADELPHIA ,2094,Multi family,2017,05/15/2020,['Neighborhood: COBBS CREEK<'],['122'],53.0
173,1006 S 22nd St,Philadelphia,PA,19146,430000,1200,909,1,1,2,[],[],['Ceiling Fan(s)'],['Central Heating'],[],[],[],School District: THE SCHOOL DISTRICT OF PHILADELPHIA ,3264,Multi family,1925,05/16/2020,['Neighborhood: COBBS CREEK<'],['0'],53.0
174,1917 S Iseminger St,Philadelphia,PA,19148,359000,1453,675,1,[''],2,[],[],['Central A/C'],['Forced Air Heating'],[],[],[],School District: THE SCHOOL DISTRICT OF PHILADELPHIA ,3200,Multi family,1925,05/17/2020,['Neighborhood: COBBS CREEK<'],['0'],53.0
175,2605 Tolbut St,Philadelphia,PA,19152,305000,2016,9792,2,1,5,[],11,['Central A/C'],['Forced Air Heating'],"['Elementary School: POLLACK ', 'Elementary School: POLLACK']","['Middle School: AUSTIN MEEHAN ', 'Middle School: AUSTIN MEEHAN']","['High School: ABRAHAM LINCOLN ', 'High School: ABRAHAM LINCOLN']",School District: THE SCHOOL DISTRICT OF PHILADELPHIA ,3330,Single family,1961,05/15/2020,['Neighborhood: COBBS CREEK<'],['0'],53.0
176,11226 Jeanes St,Philadelphia,PA,19116,300600,1722,4438,2,1,3,[],11,['Central A/C'],['Forced Air Heating'],"['Elementary School: WILLIAM H', 'Elementary School: WILLIAM H']","['Middle School: BALDI ', 'Middle School: BALDI']","['High School: GEORGE WASHINGTON ', 'High School: GEORGE WASHINGTON']",School District: THE SCHOOL DISTRICT OF PHILADELPHIA ,3406,Single family,1969,05/16/2020,['Neighborhood: COBBS CREEK<'],['0'],53.0
177,1848 S 24th St,Philadelphia,PA,19145,179900,1060,745,1,[''],3,[],[],[],['Baseboard '],[],[],[],School District: THE SCHOOL DISTRICT OF PHILADELPHIA ,1279,Multi family,1925,05/15/2020,['Neighborhood: COBBS CREEK<'],['0'],53.0
178,5262 Pennway St,Philadelphia,PA,19124,145000,1327,1567,1,[''],3,[],[],[],['Radiator'],[],[],[],School District: THE SCHOOL DISTRICT OF PHILADELPHIA ,1321,Multi family,1940,05/16/2020,['Neighborhood: COBBS CREEK<'],['0'],53.0
179,4001 Dexter St,Philadelphia,PA,19128,230500,792,636,1,[''],2,[],[],['Central A/C'],['Central Heating'],[],[],[],School District: THE SCHOOL DISTRICT OF PHILADELPHIA ,2951,Multi family,1940,05/15/2020,['Neighborhood: COBBS CREEK<'],['0'],53.0
180,938 Ernest St,Philadelphia,PA,19147,233089,768,383,1,[''],2,[],[],['Wall Unit Cooling'],['Forced Air Heating'],[],[],[],School District: THE SCHOOL DISTRICT OF PHILADELPHIA ,2937,Multi family,1920,05/15/2020,['Neighborhood: COBBS CREEK<'],['0'],53.0
181,208 Rock St,Philadelphia,PA,19128,270000,1152,1433,2,[''],3,[],[],['Central A/C'],['Forced Air Heating'],[],[],[],School District: THE SCHOOL DISTRICT OF PHILADELPHIA ,2797,Multi family,1970,05/15/2020,['Neighborhood: COBBS CREEK<'],['0'],53.0
182,4719 Fowler St,Philadelphia,PA,19127,257500,1206,[],1,1,2,[],[],[],[],[],[],[],[],[],Single family,1930,05/15/2020,['Neighborhood: COBBS CREEK<'],[],
183,1132 Pierce St,Philadelphia,PA,19148,425000,1701,[],1,1,3,[],[],[],[],[],[],[],[],[],Multi family,1933,05/17/2020,['Neighborhood: COBBS CREEK<'],[],
184,2821 W Lehigh Ave,Philadelphia,PA,19132,80000,1850,1194,2,[''],5,[],[],[],['Radiator'],[],[],[],School District: THE SCHOOL DISTRICT OF PHILADELPHIA ,657,Multi family,1915,05/16/2020,['Neighborhood: COBBS CREEK<'],['0'],53.0
185,5403 Morse St,Philadelphia,PA,19131,224990,1206,1224,2,1,3,[],[],['Central A/C'],['Forced Air Heating'],[],[],[],School District: THE SCHOOL DISTRICT OF PHILADELPHIA ,827,Multi family,1925,05/15/2020,['Neighborhood: COBBS CREEK<'],['0'],53.0
186,2100 Robbins Ave,Philadelphia,PA,19149,178500,1233,2494,1,1,3,[],[],['Ceiling Fan(s)'],['Forced Air Heating'],"['Elementary School: ZIEGLER ', 'Elementary School: ZIEGLER']","['Middle School: ETHAN ALLEN SCHOOL ', 'Middle School: ETHAN ALLEN SCHOOL']","['High School: ABRAHAM LINCOLN ', 'High School: ABRAHAM LINCOLN']",School District: THE SCHOOL DISTRICT OF PHILADELPHIA ,1884,Multi family,1950,05/16/2020,['Neighborhood: COBBS CREEK<'],['0'],53.0
187,3429 Crystal St,Philadelphia,PA,19134,29900,728,[],1,[''],2,[],[],[],[],[],[],[],[],[],Multi family,1920,05/16/2020,['Neighborhood: COBBS CREEK<'],[],
188,728 Wharton St,Philadelphia,PA,19147,290000,1300,[],1,1,4,[],[],[],[],[],[],[],[],[],Multi family,1920,05/15/2020,['Neighborhood: COBBS CREEK<'],[],
189,58 Good St,Philadelphia,PA,19119,183000,1250,1523,1,[''],3,[],[],['Ceiling Fan(s)'],['Hot Water'],[],[],[],School District: THE SCHOOL DISTRICT OF PHILADELPHIA ,2061,Single family,1925,05/16/2020,['Neighborhood: COBBS CREEK<'],['0'],53.0
190,2024 N 15th St,Philadelphia,PA,19121,630000,2481,1440,[],[],0,[],[],['Central A/C'],['Forced Air Heating'],[],[],[],School District: THE SCHOOL DISTRICT OF PHILADELPHIA ,1148,[],2010,[],['Neighborhood: COBBS CREEK<'],[],53.0
191,3740 M St,Philadelphia,PA,19124,83000,1260,900,1,[''],3,[],[],[],['Radiator'],[],[],[],School District: THE SCHOOL DISTRICT OF PHILADELPHIA ,903,Multi family,1925,05/16/2020,['Neighborhood: COBBS CREEK<'],['0'],53.0
192,3458 Emerald St,Philadelphia,PA,19134,57000,937,[],1,1,3,[],[],[],[],[],[],[],[],[],Multi family,1910,05/15/2020,['Neighborhood: COBBS CREEK<'],[],
193,2252 N Front St,Philadelphia,PA,19133,105000,[],1023,[],[],[],[],[],[],[],[],[],[],School District: THE SCHOOL DISTRICT OF PHILADELPHIA ,197,Land,[],05/16/2020,['Neighborhood: COBBS CREEK<'],['0'],53.0
194,2643 Federal St,Philadelphia,PA,19146,396550,1800,531,3,[''],3,[],11,['Central A/C'],['Central Heating'],[],[],[],School District: THE SCHOOL DISTRICT OF PHILADELPHIA ,167,Land,2020,05/16/2020,['Neighborhood: COBBS CREEK<'],['0'],53.0
195,1243 Kater St,Philadelphia,PA,19147,1470000,4200,974,4,3,4,[],11,['Central A/C'],['Central Heating'],"['Elementary School: ANDREW JACKSON ', 'Elementary School: ANDREW JACKSON']",[],[],School District: THE SCHOOL DISTRICT OF PHILADELPHIA ,6159,Multi family,2016,05/15/2020,['Neighborhood: COBBS CREEK<'],['156'],53.0
196,125 W Springfield Ave,Philadelphia,PA,19118,650000,2477,4848,2,1,5,[],[],['Central A/C'],['Forced Air Heating'],[],[],[],School District: THE SCHOOL DISTRICT OF PHILADELPHIA ,8684,Single family,1925,05/15/2020,['Neighborhood: COBBS CREEK<'],['0'],53.0
